{
 "timestamp": "2025-07-13 23:14:59",
 "test_environment": {
 "python_version": "3.12.0 (tags/v3.12.0:0fb18b0, Oct 2 2023, 13:03:39) [MSC v.1935 64 bit (AMD64)]",
 "platform": "win32"
 },
 "results": {
 "point_add": {
 "avg": 0.11500160000286996,
 "std": 0.04046041827610295
 },
 "point_double": {
 "avg": 0.11937980022048578,
 "std": 0.056203245011544015
 },
 "scalar_mult_8": {
 "avg": 1.5072070009773597,
 "std": 0.3590359503683576
 },
 "scalar_mult_16": {
 "avg": 3.0951759990421124,
 "std": 0.4115183593934575
 },
 "scalar_mult_32": {
 "avg": 6.466687999200076,
 "std": 0.7972920105709324
 },
 "scalar_mult_64": {
 "avg": 13.756656998302788,
 "std": 2.0210144571139255
 },
 "scalar_mult_128": {
 "avg": 26.54137399949832,
 "std": 1.890945690980734
 },
 "scalar_mult_256": {
 "avg": 54.35058699833462,
 "std": 4.021788510658626
 },
 "hash_to_curve": {
 "avg": 0.503390199970454,
 "std": 0.27313189653734576
 },
 "mod_inverse": {
 "avg": 0.0033961994922719896,
 "std": 0.0038104909170391566
 },
 "password_hash_len_11": {
 "avg": 70.28938500065124,
 "std": 3.15257352951753
 },
 "password_hash_len_17": {
 "avg": 70.69051699945703,
 "std": 3.04758779955349
 },
 "password_hash_len_32": {
 "avg": 73.18850500043482,
 "std": 3.912604634691637
 },
 "blind_operation": {
 "avg": 40.81775999919046,
 "std": 2.007857716447503
 },
 "unblind_operation": {
 "avg": 43.52653400012059,
 "std": 6.637580072957298
 },
 "client_prepare": {
 "avg": 114.44991799944546,
 "std": 4.6507506387094635
 },
 "server_process": {
 "avg": 830.3647540014936,
 "std": 15.388766821171298
 },
 "client_verify": {
 "avg": 845.2943519951077,
 "std": 26.967093663060037
 },
 "total_protocol": {
 "avg": 1790.1090239960467,
 "std": 31.395346254056378
 },
 "db_size_50": {
 "avg": 1994.037639995804,
 "std": 11.541160939785913
 },
 "db_size_100": {
 "avg": 4321.0140299925115,
 "std": 277.8641129321761
 },
 "db_size_200": {
 "avg": 8406.06346000568,
 "std": 79.59967534711232
 },
 "batch_size_1": {
 "avg_per_password": 3565.4869999852963,
 "total_time": 3565.4869999852963
 },
 "batch_size_5": {
 "avg_per_password": 3460.4695999994874,
 "total_time": 17302.347999997437
 },
 "batch_size_10": {
 "avg_per_password": 3748.2346799981315,
 "total_time": 37482.346799981315
 },
 "batch_size_20": {
 "avg_per_password": 3614.8196100024506,
 "total_time": 72296.39220004901
 },
 "batch_size_50": {
 "avg_per_password": 3526.5489020000678,
 "total_time": 176327.4451000034
 },
 "memory_usage": {
 "point_size": 104,
 "serialized_point_size": 33,
 "database_memory": 6400,
 "request_size": 157,
 "response_size": 14281
 }
 }
}